"Index","Open","High","Low","Close","Volume"
2057-08-13,4.3998,4.4022,4.3968,4.3974,8526
2057-08-14,4.3962,4.3968,4.38,4.3812,32826
2057-08-15,4.3782,4.3962,4.377,4.3926,33918
2057-08-16,4.3932,4.4064,4.3914,4.398,25464
2057-08-17,4.3998,4.4016,4.3914,4.3926,12624
2057-08-18,4.386,4.386,4.3788,4.3818,21006
2057-08-19,4.374,4.3884,4.3716,4.383,32352
2057-08-20,4.3836,4.3884,4.3752,4.3776,18450
2057-08-21,4.3662,4.371,4.353,4.3554,66054
2057-08-22,4.3518,4.3554,4.335,4.3362,117120
2057-08-23,4.3506,4.3554,4.3422,4.3512,28020
2057-08-24,4.3524,4.3602,4.35,4.3572,19170
2057-08-25,4.338,4.371,4.335,4.3692,47250
2057-08-26,4.3644,4.3716,4.3626,4.368,38934
2057-08-27,4.3686,4.3782,4.3608,4.362,21702
2057-08-28,4.359,4.3632,4.3518,4.3578,17472
2057-08-29,4.3608,4.3716,4.3602,4.3668,39120
2057-08-30,4.3806,4.3974,4.377,4.3914,83760
2057-08-31,4.395,4.395,4.3668,4.3752,80916
2057-09-01,4.3686,4.3788,4.365,4.3722,31086
2057-09-02,4.3752,4.3788,4.3704,4.3746,13098
2057-09-03,4.3704,4.3776,4.3686,4.3722,9912
2057-09-04,4.3584,4.3602,4.3458,4.347,59394
2057-09-05,4.3518,4.3554,4.347,4.3476,28062
2057-09-06,4.3488,4.3488,4.3362,4.3428,52074
2057-09-07,4.335,4.3512,4.3296,4.341,44964
2057-09-08,4.3482,4.3578,4.3428,4.3542,25860
2057-09-09,4.3608,4.3662,4.359,4.3656,24450
2057-09-10,4.3584,4.362,4.3536,4.3584,10890
2057-09-11,4.3536,4.3704,4.3518,4.3674,29238
2057-09-12,4.3674,4.3692,4.3638,4.3644,17190
2057-09-13,4.3656,4.3668,4.3554,4.3584,25992
2057-09-14,4.3734,4.3788,4.3686,4.374,40560
2057-09-15,4.3908,4.3908,4.3758,4.3794,45972
2057-09-16,4.374,4.3782,4.3722,4.377,23616
2057-09-17,4.3806,4.3812,4.368,4.3716,24504
2057-09-18,4.3704,4.3848,4.3704,4.3836,31980
2057-09-19,4.3722,4.3794,4.3692,4.3698,43674
2057-09-20,4.3782,4.3968,4.377,4.389,64746
2057-09-21,4.3908,4.3944,4.386,4.392,72942
2057-09-22,4.3968,4.4046,4.3824,4.3872,27522
2057-09-23,4.3872,4.3902,4.3854,4.386,11574
2057-09-24,4.3872,4.3902,4.3842,4.3872,22140
2057-09-25,4.3824,4.4046,4.3806,4.3992,9366
2057-09-26,4.4034,4.4202,4.4016,4.4172,9654
2057-09-27,4.4184,4.4202,4.4136,4.4142,1008
2057-09-28,4.422,4.425,4.404,4.4058,30960
2057-09-29,4.4082,4.4112,4.4028,4.4058,24138
2057-09-30,4.4142,4.4184,4.4052,4.4058,19104
2057-10-01,4.4058,4.4112,4.4004,4.4088,20814
2057-10-02,4.4118,4.4142,4.3968,4.401,27540
2057-10-03,4.4022,4.4088,4.3998,4.4004,20238
2057-10-04,4.4058,4.422,4.4022,4.4214,31320
2057-10-05,4.4346,4.437,4.428,4.4358,56622
2057-10-06,4.4346,4.4376,4.4292,4.4316,25638
2057-10-07,4.4262,4.4292,4.422,4.4238,15018
2057-10-08,4.425,4.4262,4.419,4.422,13626
2057-10-09,4.4244,4.4244,4.419,4.4214,21978
2057-10-10,4.4304,4.434,4.41,4.4202,69930
2057-10-11,4.419,4.4286,4.4178,4.4274,36540
2057-10-12,4.4298,4.4322,4.4238,4.4256,21462
2057-10-13,4.4292,4.4298,4.4238,4.4268,10716
2057-10-14,4.4298,4.431,4.4262,4.4286,8682
2057-10-15,4.4226,4.4262,4.419,4.4196,35796
2057-10-16,4.4214,4.4304,4.4202,4.4232,45612
2057-10-17,4.428,4.4292,4.401,4.4058,119544
2057-10-18,4.4034,4.413,4.4016,4.4076,47190
2057-10-19,4.4088,4.4118,4.4052,4.407,16038
2057-10-20,4.4094,4.4118,4.4064,4.4076,16572
2057-10-21,4.4244,4.4262,4.3878,4.3968,104340
2057-10-22,4.4028,4.4088,4.3962,4.4076,22176
2057-10-23,4.4148,4.416,4.4028,4.4106,30096
2057-10-24,4.404,4.4094,4.4004,4.4076,18660
2057-10-25,4.41,4.413,4.4058,4.4112,17430
2057-10-26,4.4118,4.413,4.4058,4.4118,15162
2057-10-27,4.4178,4.4184,4.404,4.4058,30138
2057-10-28,4.4028,4.4094,4.3968,4.3986,40374
2057-10-29,4.3962,4.3986,4.3926,4.3968,19038
2057-10-30,4.3944,4.3974,4.3926,4.3968,19980
2057-10-31,4.4022,4.4028,4.3836,4.3956,53946
2057-11-01,4.3986,4.3986,4.389,4.3896,17004
2057-11-02,4.3896,4.3962,4.3884,4.3932,14736
2057-11-03,4.3728,4.3908,4.371,4.3854,52146
2057-11-04,4.3962,4.3986,4.3776,4.3854,49716
2057-11-05,4.3878,4.3914,4.3854,4.3872,21618
2057-11-06,4.3896,4.3932,4.3854,4.3866,14244
2057-11-07,4.3782,4.3872,4.377,4.3806,28176
2057-11-08,4.3776,4.3776,4.3632,4.3734,99384
2057-11-09,4.3728,4.3764,4.3722,4.3752,12204
2057-11-10,4.3818,4.3818,4.359,4.3692,55770
2057-11-11,4.365,4.3686,4.3614,4.3668,16920
2057-11-12,4.368,4.368,4.359,4.3608,27822
2057-11-13,4.3596,4.3788,4.359,4.3734,70746
2057-11-14,4.371,4.3908,4.3704,4.3824,65832
2057-11-15,4.3752,4.3854,4.3734,4.3842,36588
2057-11-16,4.3854,4.389,4.3818,4.3842,56964
2057-11-17,4.3836,4.386,4.3806,4.383,21972
2057-11-18,4.3824,4.398,4.3812,4.3962,78228
2057-11-19,4.3974,4.4016,4.3938,4.3992,33570
2057-11-20,4.3974,4.4022,4.3902,4.3992,38250
2057-11-21,4.4028,4.4052,4.3968,4.4028,51570
2057-11-22,4.3986,4.3992,4.3926,4.3938,40800
2057-11-23,4.3926,4.3944,4.389,4.3902,21246
2057-11-24,4.3854,4.386,4.3818,4.383,21270
2057-11-25,4.3788,4.3998,4.377,4.3974,17124
2057-11-26,4.3956,4.3956,4.3866,4.3884,10506
2057-11-27,4.3878,4.3878,4.3824,4.383,3036
2057-11-28,4.3896,4.3968,4.3884,4.3926,19902
2057-11-29,4.3932,4.3974,4.3932,4.3968,8748
2057-11-30,4.398,4.4076,4.3968,4.4034,27816
2057-12-01,4.4058,4.4244,4.404,4.4214,95838
2057-12-02,4.4268,4.4286,4.4196,4.4232,64482
2057-12-03,4.419,4.4202,4.4142,4.4166,31404
2057-12-04,4.4136,4.4154,4.407,4.4106,24906
2057-12-05,4.4022,4.4118,4.3968,4.4064,56844
2057-12-06,4.4058,4.413,4.4046,4.4094,29766
2057-12-07,4.4094,4.4214,4.4064,4.4202,19542
2057-12-08,4.4178,4.4208,4.4142,4.416,10068
2057-12-09,4.3836,4.3878,4.3806,4.3866,52830
2057-12-10,4.386,4.3938,4.3776,4.3914,36348
2057-12-11,4.3896,4.395,4.3884,4.392,12864
2057-12-12,4.3914,4.3932,4.3824,4.3902,33432
2057-12-13,4.38,4.3902,4.38,4.389,20970
2057-12-14,4.3902,4.3932,4.383,4.3842,17346
2057-12-15,4.3716,4.3884,4.371,4.3866,53580
2057-12-16,4.3884,4.3914,4.3728,4.3746,40728
2057-12-17,4.377,4.4022,4.3752,4.4004,62904
2057-12-18,4.3962,4.4034,4.386,4.3974,30168
2057-12-19,4.3818,4.3836,4.3764,4.3788,19722
2057-12-20,4.3764,4.3836,4.3752,4.3806,11070
2057-12-21,4.3752,4.3788,4.3632,4.3698,73866
2057-12-22,4.3722,4.3758,4.368,4.3698,19080
2057-12-23,4.3698,4.38,4.3692,4.377,15768
2057-12-24,4.371,4.3776,4.3692,4.3716,16182
2057-12-25,4.3692,4.3746,4.3668,4.3722,12594
2057-12-26,4.3728,4.3878,4.3686,4.374,46032
2057-12-27,4.371,4.377,4.3608,4.371,47958
2057-12-28,4.3716,4.3752,4.365,4.3656,17748
2057-12-29,4.3632,4.377,4.3626,4.3734,30852
2057-12-30,4.3746,4.3806,4.3734,4.3776,24318
2057-12-31,4.3836,4.386,4.377,4.3818,14844
2058-01-01,4.371,4.3908,4.3686,4.3806,63822
2058-01-02,4.38,4.3818,4.3788,4.38,16662
2058-01-03,4.3764,4.377,4.3668,4.3722,32088
2058-01-04,4.3704,4.374,4.3668,4.3686,27480
2058-01-05,4.3656,4.3704,4.3566,4.3686,29760
2058-01-06,4.3764,4.3764,4.3704,4.3716,15330
2058-01-07,4.3686,4.3752,4.3674,4.3734,18768
2058-01-08,4.3704,4.3776,4.3692,4.3728,26154
2058-01-09,4.3698,4.3722,4.3686,4.371,11946
2058-01-10,4.3674,4.3842,4.365,4.3794,69354
2058-01-11,4.3848,4.3848,4.38,4.3836,33000
2058-01-12,4.3836,4.3842,4.3782,4.38,22278
2058-01-13,4.3872,4.3932,4.3848,4.3896,54114
2058-01-14,4.395,4.398,4.3914,4.3956,44868
2058-01-15,4.3938,4.3956,4.3914,4.3938,34626
2058-01-16,4.3926,4.3932,4.3854,4.3884,34008
2058-01-17,4.3842,4.3872,4.38,4.3812,48414
2058-01-18,4.3818,4.3848,4.38,4.3836,27780
2058-01-19,4.3836,4.3842,4.3704,4.3728,72540
2058-01-20,4.3752,4.38,4.365,4.3728,76020
2058-01-21,4.3692,4.3782,4.3692,4.3776,66552
2058-01-22,4.3842,4.3854,4.3758,4.3788,32076
2058-01-23,4.374,4.3764,4.3734,4.3764,23868
2058-01-24,4.3758,4.3782,4.3728,4.3752,13080
2058-01-25,4.371,4.3842,4.371,4.3806,37830
2058-01-26,4.3794,4.38,4.3764,4.3782,14580
2058-01-27,4.3752,4.377,4.3722,4.3752,1602
2058-01-28,4.3914,4.3938,4.3884,4.3902,12864
2058-01-29,4.3968,4.407,4.3962,4.4052,73032
2058-01-30,4.4082,4.4088,4.4046,4.4058,26862
2058-01-31,4.401,4.4118,4.3998,4.4088,41118
2058-02-01,4.4076,4.4082,4.4034,4.4058,25344
2058-02-02,4.401,4.413,4.3992,4.4022,54384
2058-02-03,4.4046,4.4184,4.4034,4.4166,77634
2058-02-04,4.4178,4.422,4.416,4.4196,40440
2058-02-05,4.4184,4.4268,4.4148,4.4256,84240
2058-02-06,4.425,4.4286,4.4184,4.4274,88884
2058-02-07,4.425,4.428,4.4226,4.425,17532
2058-02-08,4.434,4.4484,4.4322,4.4478,103878
2058-02-09,4.4484,4.4514,4.4466,4.449,50874
2058-02-10,4.4448,4.4478,4.443,4.4454,24852
2058-02-11,4.4496,4.4526,4.4436,4.4472,34152
2058-02-12,4.458,4.458,4.4532,4.4562,29694
2058-02-13,4.4436,4.4568,4.437,4.4562,47676
2058-02-14,4.4532,4.4532,4.4496,4.4514,13680
2058-02-15,4.4508,4.452,4.4436,4.4454,23838
2058-02-16,4.44,4.4502,4.437,4.4436,62634
2058-02-17,4.4454,4.4538,4.4436,4.4508,29010
2058-02-18,4.4502,4.4676,4.449,4.4652,40614
2058-02-19,4.4616,4.4706,4.4526,4.47,40914
2058-02-20,4.4682,4.479,4.467,4.473,39096
2058-02-21,4.47,4.4826,4.4652,4.4796,53316
2058-02-22,4.4772,4.479,4.4688,4.4736,22182
2058-02-23,4.47,4.4808,4.4694,4.4742,19302
2058-02-24,4.4766,4.479,4.4706,4.4742,27372
2058-02-25,4.47,4.476,4.4664,4.4736,18882
2058-02-26,4.4832,4.4892,4.4808,4.482,46920
2058-02-27,4.488,4.4964,4.485,4.4946,48990
2058-02-28,4.5006,4.5126,4.497,4.5096,56700
2058-03-01,4.5066,4.5078,4.503,4.5042,25386
2058-03-02,4.5012,4.5216,4.5,4.5198,51588
2058-03-03,4.5156,4.5252,4.5132,4.5234,25692
2058-03-04,4.512,4.527,4.509,4.5216,78996
2058-03-05,4.5174,4.5258,4.5138,4.5192,43992
2058-03-06,4.5126,4.5138,4.5054,4.5072,28764
2058-03-07,4.5084,4.5168,4.503,4.5126,40380
2058-03-08,4.5066,4.5144,4.5048,4.5084,22872
2058-03-09,4.5036,4.5102,4.4988,4.4994,43314
2058-03-10,4.491,4.4988,4.4826,4.4904,81714
2058-03-11,4.485,4.4862,4.4718,4.479,136434
2058-03-12,4.4718,4.4844,4.47,4.4814,49974
2058-03-13,4.4826,4.4892,4.4748,4.4874,50466
2058-03-14,4.4886,4.4928,4.4844,4.4886,25050
2058-03-15,4.4886,4.4922,4.4754,4.4802,48486
2058-03-16,4.4844,4.485,4.476,4.4766,34146
2058-03-17,4.476,4.4796,4.4736,4.4772,19176
2058-03-18,4.476,4.4766,4.458,4.4622,89406
2058-03-19,4.4478,4.4502,4.4358,4.4484,92532
2058-03-20,4.4568,4.4592,4.4436,4.4472,83004
2058-03-21,4.4454,4.4514,4.4334,4.4352,43626
2058-03-22,4.4232,4.4244,4.4088,4.422,104694
2058-03-23,4.401,4.419,4.4004,4.4124,75852
2058-03-24,4.422,4.4322,4.4208,4.4304,64392
2058-03-25,4.4274,4.4274,4.416,4.4184,45312
2058-03-26,4.4022,4.4184,4.398,4.4106,21462
2058-03-27,4.4154,4.4262,4.4154,4.4214,45492
2058-03-28,4.4094,4.4136,4.3986,4.4046,14838
2058-03-29,4.401,4.401,4.386,4.3872,13356
2058-03-30,4.3764,4.3866,4.3764,4.3854,8340
2058-03-31,4.4112,4.4196,4.4046,4.4148,19488
2058-04-01,4.4136,4.416,4.4082,4.4112,7512
2058-04-02,4.4202,4.4208,4.4088,4.4154,12990
2058-04-03,4.419,4.4202,4.401,4.41,43596
2058-04-04,4.4112,4.4112,4.4022,4.4034,29874
2058-04-05,4.395,4.4034,4.3938,4.3992,16014
2058-04-06,4.3974,4.398,4.3782,4.3788,81234
2058-04-07,4.3812,4.4028,4.3722,4.3968,79194
2058-04-08,4.3938,4.4214,4.3896,4.4142,88902
2058-04-09,4.4274,4.4484,4.4256,4.4412,82146
2058-04-10,4.4502,4.467,4.4424,4.4598,83436
2058-04-11,4.4556,4.4658,4.4538,4.4592,35934
2058-04-12,4.4568,4.4754,4.449,4.4676,39834
2058-04-13,4.4736,4.4742,4.464,4.4712,25374
2058-04-14,4.4574,4.467,4.4538,4.455,33720
2058-04-15,4.4772,4.4934,4.4742,4.4904,70824
2058-04-16,4.5018,4.5042,4.4922,4.4946,62088
2058-04-17,4.4958,4.503,4.4898,4.4988,21204
2058-04-18,4.4982,4.506,4.4958,4.5054,29526
2058-04-19,4.5036,4.5144,4.4898,4.5048,51840
2058-04-20,4.497,4.4982,4.479,4.4826,53862
2058-04-21,4.4628,4.4712,4.4598,4.4628,38472
2058-04-22,4.473,4.482,4.467,4.4784,32178
2058-04-23,4.4784,4.4988,4.476,4.4898,39378
2058-04-24,4.479,4.485,4.4694,4.47,31644
2058-04-25,4.467,4.4724,4.4616,4.4634,23616
2058-04-26,4.4616,4.47,4.4598,4.4664,21918
2058-04-27,4.4754,4.4832,4.4736,4.4784,25356
2058-04-28,4.4844,4.4886,4.4754,4.4778,16788
2058-04-29,4.4766,4.4814,4.4724,4.4772,16470
2058-04-30,4.4658,4.467,4.4538,4.4568,40200
2058-05-01,4.446,4.4646,4.4448,4.4568,50400
2058-05-02,4.4502,4.452,4.4376,4.4406,47118
2058-05-03,4.4424,4.443,4.4334,4.44,28824
2058-05-04,4.4364,4.4424,4.431,4.4322,22782
2058-05-05,4.4406,4.4508,4.44,4.449,40608
2058-05-06,4.4508,4.4574,4.4478,4.4508,22872
2058-05-07,4.431,4.4352,4.4262,4.434,37986
2058-05-08,4.434,4.4388,4.416,4.4184,70500
2058-05-09,4.4238,4.431,4.4142,4.4148,30618
2058-05-10,4.4184,4.4226,4.4034,4.4058,37926
2058-05-11,4.4106,4.4148,4.4022,4.4088,25818
2058-05-12,4.4178,4.4208,4.4118,4.4154,20634
2058-05-13,4.4148,4.416,4.3914,4.395,53004
2058-05-14,4.3932,4.4016,4.386,4.389,41352
2058-05-15,4.3902,4.398,4.3878,4.3914,23574
2058-05-16,4.3932,4.395,4.3878,4.3914,40710
2058-05-17,4.3836,4.3896,4.38,4.383,51942
2058-05-18,4.3902,4.3932,4.3842,4.3866,35154
2058-05-19,4.3932,4.4058,4.3908,4.401,66528
2058-05-20,4.3866,4.3908,4.3782,4.3866,75246
2058-05-21,4.3794,4.383,4.3758,4.3806,95424
2058-05-22,4.3872,4.3962,4.3854,4.3902,42072
2058-05-23,4.3872,4.4064,4.3842,4.4022,45396
2058-05-24,4.4082,4.4142,4.395,4.3968,48714
2058-05-25,4.395,4.4028,4.3938,4.395,39336
2058-05-26,4.386,4.3884,4.368,4.3788,23616
2058-05-27,4.3692,4.3752,4.368,4.3728,7704
2058-05-28,4.3896,4.392,4.3728,4.3758,60816
2058-05-29,4.38,4.3812,4.3662,4.3746,69606
2058-05-30,4.3872,4.3878,4.374,4.3752,50202
2058-05-31,4.3776,4.3866,4.3758,4.377,27252
2058-06-01,4.3968,4.3986,4.3878,4.3944,59502
2058-06-02,4.383,4.3872,4.3722,4.3728,42510
2058-06-03,4.3674,4.3698,4.3542,4.3554,44892
2058-06-04,4.335,4.353,4.3344,4.3422,78510
2058-06-05,4.35,4.3518,4.341,4.3482,51462
2058-06-06,4.3524,4.3554,4.3296,4.3332,61860
2058-06-07,4.335,4.341,4.3224,4.3284,76092
2058-06-08,4.3308,4.3482,4.3296,4.3464,35466
2058-06-09,4.3476,4.3482,4.3404,4.3422,22650
2058-06-10,4.3524,4.3572,4.3326,4.3344,36408
2058-06-11,4.3302,4.3356,4.3224,4.3236,40788
2058-06-12,4.3242,4.3254,4.3056,4.3068,65958
2058-06-13,4.3092,4.3116,4.3044,4.305,22692
2058-06-14,4.308,4.3236,4.3074,4.3116,46848
2058-06-15,4.3152,4.3164,4.3044,4.3146,40158
2058-06-16,4.3062,4.314,4.3002,4.3014,39804
2058-06-17,4.299,4.308,4.296,4.3038,29046
2058-06-18,4.3098,4.3128,4.305,4.3068,22638
2058-06-19,4.3122,4.3188,4.3098,4.3176,24486
2058-06-20,4.3248,4.329,4.3188,4.3242,33180
2058-06-21,4.3284,4.329,4.3194,4.3212,22620
2058-06-22,4.314,4.3158,4.3074,4.3104,26292
2058-06-23,4.305,4.3062,4.2996,4.3002,24534
2058-06-24,4.296,4.311,4.2948,4.3062,36468
2058-06-25,4.3116,4.314,4.3026,4.3074,26496
2058-06-26,4.3122,4.341,4.3116,4.3398,104244
2058-06-27,4.3512,4.359,4.3464,4.3548,84648
2058-06-28,4.3566,4.3608,4.3548,4.3572,29628
2058-06-29,4.3698,4.3722,4.3638,4.3686,42948
2058-06-30,4.3548,4.3578,4.3506,4.3536,34902
2058-07-01,4.35,4.3542,4.3434,4.3446,36210
2058-07-02,4.3458,4.3488,4.3182,4.3224,105960
2058-07-03,4.3194,4.3308,4.3188,4.329,47664
2058-07-04,4.3386,4.3422,4.3338,4.3362,38322
2058-07-05,4.332,4.344,4.3284,4.3302,36954
2058-07-06,4.3452,4.3818,4.3422,4.3806,143928
2058-07-07,4.4028,4.41,4.3734,4.3758,110226
2058-07-08,4.3758,4.3872,4.3758,4.3842,32592
2058-07-09,4.3752,4.4034,4.368,4.3968,74826
2058-07-10,4.4058,4.4094,4.3914,4.3968,45864
2058-07-11,4.3824,4.3914,4.3776,4.3806,36984
2058-07-12,4.3788,4.3824,4.3692,4.371,54000
2058-07-13,4.3656,4.3662,4.3416,4.3428,64332
2058-07-14,4.3446,4.3512,4.3392,4.3428,42468
2058-07-15,4.362,4.362,4.3476,4.353,33906
2058-07-16,4.3446,4.3662,4.3416,4.3614,48450
2058-07-17,4.359,4.3746,4.3536,4.3668,45684
2058-07-18,4.3752,4.3776,4.365,4.368,35304
2058-07-19,4.3656,4.3698,4.362,4.3668,33636
2058-07-20,4.3626,4.368,4.3608,4.3614,32976
2058-07-21,4.3518,4.3548,4.3332,4.3404,115446
2058-07-22,4.3296,4.338,4.326,4.326,78156
2058-07-23,4.332,4.332,4.323,4.3278,47142
2058-07-24,4.332,4.3326,4.323,4.3278,28350
2058-07-25,4.3236,4.3464,4.3218,4.3374,37530
2058-07-26,4.3422,4.356,4.338,4.3464,43164
2058-07-27,4.3542,4.3542,4.3236,4.3266,21276
2058-07-28,4.3254,4.3302,4.3212,4.3236,13842
2058-07-29,4.3254,4.3236,4.3236,4.3236,6
2058-07-30,4.335,4.3548,4.3344,4.3512,48414
2058-07-31,4.3506,4.3506,4.3314,4.3356,41898
2058-08-01,4.341,4.35,4.341,4.3482,22872
2058-08-02,4.347,4.3512,4.3356,4.3368,32328
2058-08-03,4.3314,4.3368,4.3218,4.326,65178
2058-08-04,4.323,4.395,4.3218,4.3632,98520
2058-08-05,4.3632,4.371,4.3614,4.3692,32634
2058-08-06,4.3722,4.3842,4.3632,4.3656,28830
2058-08-07,4.3638,4.3716,4.3632,4.3704,19992
2058-08-08,4.3746,4.3878,4.3722,4.3776,43776
2058-08-09,4.3758,4.398,4.3734,4.392,57912
2058-08-10,4.395,4.3956,4.3746,4.3764,42900
2058-08-11,4.3728,4.389,4.3716,4.3824,30798
2058-08-12,4.3896,4.392,4.383,4.3836,22782
2058-08-13,4.3848,4.3914,4.383,4.3872,19812
2058-08-14,4.401,4.4028,4.3902,4.3962,37962
2058-08-15,4.404,4.407,4.3992,4.3992,31026
2058-08-16,4.4046,4.407,4.3914,4.3926,35664
2058-08-17,4.3896,4.3926,4.3788,4.3806,57126
2058-08-18,4.3854,4.3872,4.368,4.3704,57960
2058-08-19,4.3716,4.3836,4.365,4.3788,47826
2058-08-20,4.3836,4.3848,4.3704,4.371,22824
2058-08-21,4.3578,4.374,4.353,4.3716,61044
2058-08-22,4.374,4.3758,4.35,4.3578,41766
2058-08-23,4.3578,4.3584,4.3476,4.356,29502
2058-08-24,4.356,4.3578,4.341,4.3428,52044
2058-08-25,4.3428,4.3452,4.3362,4.3404,28830
2058-08-26,4.3446,4.347,4.3398,4.3422,37980
2058-08-27,4.3506,4.3608,4.3476,4.3566,35082
2058-08-28,4.3602,4.3704,4.35,4.365,35424
2058-08-29,4.3668,4.3668,4.3518,4.3572,31260
2058-08-30,4.359,4.365,4.359,4.3626,16602
2058-08-31,4.3566,4.3608,4.3524,4.3566,14532
2058-09-01,4.3482,4.3494,4.335,4.3356,66504
2058-09-02,4.3368,4.3374,4.3308,4.332,43422
2058-09-03,4.3248,4.3278,4.314,4.3254,77508
2058-09-04,4.317,4.3224,4.3104,4.3146,46398
2058-09-05,4.3074,4.3182,4.3068,4.3146,39948
2058-09-06,4.3152,4.3314,4.311,4.3146,73794
2058-09-07,4.3242,4.3248,4.3188,4.3212,19794
2058-09-08,4.3272,4.3374,4.3212,4.3236,42504
2058-09-09,4.3332,4.3344,4.326,4.329,24306
2058-09-10,4.326,4.326,4.3068,4.3098,81678
2058-09-11,4.311,4.3158,4.3086,4.3128,40632
2058-09-12,4.3188,4.3194,4.3026,4.305,74016
2058-09-13,4.305,4.3188,4.3032,4.3164,69612
2058-09-14,4.3218,4.3224,4.3146,4.3176,27594
2058-09-15,4.3116,4.3134,4.3056,4.3074,27720
2058-09-16,4.3044,4.3302,4.3008,4.3254,138816
2058-09-17,4.3272,4.3308,4.323,4.3254,33258
2058-09-18,4.329,4.332,4.3224,4.326,42276
2058-09-19,4.3344,4.3488,4.3308,4.3392,92430
2058-09-20,4.3398,4.3446,4.3374,4.3392,49158
2058-09-21,4.3344,4.3374,4.332,4.3356,31110
2058-09-22,4.3464,4.3488,4.3386,4.3422,78078
2058-09-23,4.344,4.3458,4.3386,4.3452,56268
2058-09-24,4.338,4.341,4.3344,4.3368,51894
2058-09-25,4.335,4.3368,4.3302,4.3308,29862
2058-09-26,4.3236,4.3242,4.3086,4.3104,38946
2058-09-27,4.311,4.314,4.302,4.3068,51654
2058-09-28,4.3128,4.3176,4.3086,4.311,33384
2058-09-29,4.3092,4.3098,4.3044,4.3092,9342
2058-09-30,4.3464,4.35,4.341,4.3422,45204
2058-10-01,4.3428,4.3458,4.3308,4.3356,36480
2058-10-02,4.3452,4.3464,4.3404,4.3416,18030
2058-10-03,4.344,4.3446,4.335,4.3368,27420
2058-10-04,4.3404,4.347,4.3404,4.3428,56286
2058-10-05,4.3542,4.3596,4.35,4.3584,52302
2058-10-06,4.3566,4.3584,4.3476,4.3512,42246
2058-10-07,4.3494,4.3572,4.3494,4.3566,23172
2058-10-08,4.362,4.3716,4.3566,4.362,80106
2058-10-09,4.3626,4.3764,4.3572,4.374,89130
2058-10-10,4.3794,4.3908,4.3728,4.3842,82956
2058-10-11,4.3854,4.401,4.3842,4.3932,98316
2058-10-12,4.3956,4.3956,4.389,4.3902,22902
2058-10-13,4.3878,4.3896,4.3842,4.3878,74070
2058-10-14,4.3968,4.3998,4.386,4.3866,46668
2058-10-15,4.3794,4.383,4.3752,4.3812,36168
2058-10-16,4.3764,4.3776,4.3638,4.365,50694
2058-10-17,4.3596,4.3662,4.3548,4.3554,73878
2058-10-18,4.3602,4.3602,4.338,4.3398,119226
2058-10-19,4.3386,4.3458,4.335,4.3398,43146
2058-10-20,4.3458,4.3482,4.3386,4.3404,29766
2058-10-21,4.344,4.3476,4.3428,4.344,18978
2058-10-22,4.3368,4.3374,4.3278,4.3302,67506
2058-10-23,4.3248,4.3278,4.3206,4.3236,81552
2058-10-24,4.3308,4.3404,4.3254,4.326,62874
2058-10-25,4.3188,4.3266,4.3182,4.3194,51528
2058-10-26,4.3122,4.314,4.2876,4.2924,185130
2058-10-27,4.2576,4.2924,4.2456,4.2762,172938
2058-10-28,4.2912,4.3008,4.2852,4.2918,49338
2058-10-29,4.2714,4.2786,4.2606,4.2696,44412
2058-10-30,4.2786,4.2822,4.2642,4.266,31200
2058-10-31,4.284,4.2888,4.2696,4.2738,31674
2058-11-01,4.2846,4.2954,4.2786,4.2924,44520
2058-11-02,4.3002,4.3002,4.29,4.2924,32352
2058-11-03,4.2984,4.3008,4.2864,4.2948,27690
2058-11-04,4.2618,4.2702,4.2528,4.2636,59274
2058-11-05,4.2702,4.2792,4.269,4.2744,53010
2058-11-06,4.2654,4.272,4.2618,4.2702,25716
2058-11-07,4.2714,4.2726,4.2636,4.2666,23250
2058-11-08,4.263,4.2636,4.2504,4.2522,45036
2058-11-09,4.2468,4.2546,4.2312,4.2372,46464
2058-11-10,4.245,4.2522,4.2402,4.2504,27336
2058-11-11,4.2426,4.248,4.2402,4.2438,18570
2058-11-12,4.236,4.2432,4.2246,4.23,44658
2058-11-13,4.239,4.2438,4.2336,4.2366,74742
2058-11-14,4.2342,4.2354,4.224,4.227,22260
2058-11-15,4.227,4.248,4.2264,4.2372,49464
2058-11-16,4.221,4.224,4.2138,4.2168,42768
2058-11-17,4.2174,4.2222,4.2114,4.2198,46110
2058-11-18,4.221,4.2336,4.2204,4.2306,47904
2058-11-19,4.2366,4.239,4.2312,4.233,49056
2058-11-20,4.2252,4.2264,4.2174,4.2222,63192
2058-11-21,4.2216,4.2234,4.215,4.218,102798
2058-11-22,4.2204,4.2258,4.2162,4.2246,89964
2058-11-23,4.224,4.2258,4.2168,4.2198,48546
2058-11-24,4.2192,4.2204,4.212,4.2156,39846
2058-11-25,4.2144,4.2186,4.197,4.2054,50010
2058-11-26,4.215,4.248,4.206,4.2216,47922
2058-11-27,4.2246,4.23,4.2198,4.2252,33744
2058-11-28,4.2204,4.2204,4.2162,4.2174,11040
2058-11-29,4.2408,4.242,4.227,4.23,31836
2058-11-30,4.2138,4.2162,4.1928,4.2,93138
2058-12-01,4.1928,4.1976,4.188,4.1922,34296
2058-12-02,4.1892,4.1922,4.185,4.1868,52278
2058-12-03,4.1826,4.194,4.1772,4.1904,19584
2058-12-04,4.185,4.185,4.1754,4.176,22572
2058-12-05,4.1802,4.2036,4.1784,4.1964,44592
2058-12-06,4.1988,4.2096,4.1964,4.2042,32046
2058-12-07,4.2144,4.2222,4.2108,4.218,65304
2058-12-08,4.2048,4.2078,4.1934,4.197,54240
2058-12-09,4.1958,4.2096,4.1922,4.2078,57108
2058-12-10,4.1952,4.2054,4.1874,4.1994,31212
2058-12-11,4.218,4.2312,4.2018,4.2036,70044
2058-12-12,4.1928,4.1994,4.188,4.191,30600
2058-12-13,4.2,4.2,4.1814,4.1874,31650
2058-12-14,4.2024,4.2048,4.1868,4.1958,32682
2058-12-15,4.1892,4.1892,4.182,4.1874,20760
2058-12-16,4.1934,4.1958,4.1808,4.1856,30462
2058-12-17,4.1754,4.182,4.1682,4.1718,52662
2058-12-18,4.17,4.1772,4.1568,4.158,55014
2058-12-19,4.1502,4.1574,4.1376,4.14,60276
2058-12-20,4.1394,4.1418,4.122,4.137,51888
2058-12-21,4.149,4.1562,4.1436,4.1454,26880
2058-12-22,4.155,4.155,4.128,4.1298,47364
2058-12-23,4.1202,4.1334,4.1148,4.1268,42960
2058-12-24,4.1232,4.1232,4.089,4.095,341226
2058-12-25,4.101,4.131,4.0962,4.1244,70560
2058-12-26,4.1436,4.1448,4.131,4.1334,55140
2058-12-27,4.1286,4.1538,4.1268,4.149,61356
2058-12-28,4.1592,4.1598,4.1448,4.1472,43992
2058-12-29,4.164,4.179,4.164,4.173,64368
2058-12-30,4.194,4.209,4.1844,4.2,109026
2058-12-31,4.1892,4.1904,4.1814,4.1892,38268
2059-01-01,4.2048,4.2102,4.1892,4.1934,57276
2059-01-02,4.182,4.1856,4.17,4.1736,47964
2059-01-03,4.1772,4.1784,4.1724,4.1748,38424
2059-01-04,4.1754,4.176,4.1574,4.161,43332
2059-01-05,4.1568,4.173,4.1532,4.1658,50664
2059-01-06,4.1724,4.1928,4.17,4.1892,52320
2059-01-07,4.1988,4.23,4.1958,4.2288,94860
2059-01-08,4.2282,4.239,4.2246,4.2288,69402
2059-01-09,4.221,4.221,4.2168,4.2192,39162
2059-01-10,4.2204,4.224,4.215,4.2174,20994
2059-01-11,4.2204,4.224,4.2126,4.2222,24798
2059-01-12,4.2222,4.236,4.2138,4.2222,90486
2059-01-13,4.2192,4.2276,4.2138,4.2174,36330
2059-01-14,4.2036,4.2408,4.2006,4.2348,70704
2059-01-15,4.2348,4.2366,4.2222,4.2228,39324
2059-01-16,4.2228,4.2258,4.2156,4.2186,24678
2059-01-17,4.2102,4.2342,4.2048,4.2204,62238
2059-01-18,4.23,4.2336,4.2216,4.2312,76512
2059-01-19,4.248,4.251,4.242,4.2492,52236
2059-01-20,4.2468,4.263,4.239,4.26,79020
2059-01-21,4.26,4.26,4.26,4.26,37860
2059-01-22,4.2582,4.2588,4.251,4.2552,27750
2059-01-23,4.272,4.272,4.245,4.2474,25590
2059-01-24,4.2474,4.2498,4.2408,4.2462,18300
2059-01-25,4.239,4.2474,4.236,4.2378,3516
2059-01-26,4.2348,4.2414,4.2336,4.239,35124
2059-01-27,4.2462,4.2564,4.2348,4.2378,42462
2059-01-28,4.2468,4.2486,4.224,4.236,48216
2059-01-29,4.2258,4.245,4.2252,4.2414,47946
2059-01-30,4.2618,4.269,4.2522,4.2636,56142
2059-01-31,4.26,4.2642,4.254,4.263,29724
2059-02-01,4.254,4.257,4.2426,4.2456,34116
2059-02-02,4.2288,4.233,4.2216,4.227,48822
2059-02-03,4.2216,4.2462,4.2198,4.2366,69030
2059-02-04,4.2462,4.2498,4.2366,4.242,40752
2059-02-05,4.2318,4.2378,4.23,4.2324,31590
2059-02-06,4.2318,4.2402,4.2264,4.2294,24948
2059-02-07,4.2438,4.2462,4.2324,4.2354,24780
2059-02-08,4.2306,4.2318,4.2228,4.2246,29586
2059-02-09,4.2174,4.227,4.2144,4.2204,57582
2059-02-10,4.2144,4.2192,4.212,4.2138,62760
2059-02-11,4.2156,4.2168,4.1862,4.188,85728
2059-02-12,4.1856,4.1952,4.1844,4.1904,46974
2059-02-13,4.197,4.1976,4.1718,4.1754,64632
2059-02-14,4.1814,4.194,4.1712,4.1904,49746
2059-02-15,4.1934,4.2066,4.1886,4.2048,41982
2059-02-16,4.2018,4.212,4.1976,4.209,19590
2059-02-17,4.1994,4.2018,4.1952,4.1982,20898
2059-02-18,4.194,4.197,4.191,4.1928,11898
2059-02-19,4.194,4.1946,4.1808,4.1838,29004
2059-02-20,4.1832,4.188,4.1796,4.1856,24174
2059-02-21,4.1778,4.179,4.1706,4.1736,42444
2059-02-22,4.176,4.1808,4.1694,4.1712,35226
2059-02-23,4.1808,4.1826,4.1748,4.1802,16740
2059-02-24,4.1862,4.2024,4.1844,4.1976,51534
2059-02-25,4.197,4.1982,4.185,4.1868,30540
2059-02-26,4.1898,4.1904,4.182,4.188,13596
2059-02-27,4.1778,4.1796,4.167,4.1706,53130
2059-02-28,4.1682,4.1778,4.1682,4.1742,30144
2059-03-01,4.1688,4.1802,4.1628,4.1766,57306
2059-03-02,4.1844,4.1886,4.1772,4.1802,31584
2059-03-03,4.1838,4.1922,4.182,4.1826,26694
2059-03-04,4.1946,4.1958,4.1844,4.1874,29598
2059-03-05,4.1832,4.1856,4.152,4.1556,118014
2059-03-06,4.1346,4.1508,4.1346,4.1448,52074
2059-03-07,4.143,4.149,4.1334,4.1442,29694
2059-03-08,4.1268,4.1478,4.1268,4.1448,64122
2059-03-09,4.1436,4.1472,4.1382,4.1412,18480
2059-03-10,4.149,4.1514,4.1406,4.143,22236
2059-03-11,4.1352,4.1442,4.134,4.1382,20652
2059-03-12,4.134,4.134,4.122,4.1256,43158
2059-03-13,4.1232,4.1298,4.1178,4.1226,45012
2059-03-14,4.125,4.128,4.1202,4.1262,18798
2059-03-15,4.131,4.1322,4.1166,4.1208,39774
2059-03-16,4.1172,4.131,4.1142,4.1166,51336
2059-03-17,4.1202,4.137,4.1172,4.1346,73746
2059-03-18,4.1352,4.1376,4.1262,4.1292,38058
2059-03-19,4.122,4.128,4.119,4.1256,31584
2059-03-20,4.1142,4.1214,4.107,4.1172,98418
2059-03-21,4.1088,4.119,4.1076,4.1172,75468
2059-03-22,4.119,4.1208,4.1082,4.1118,66894
2059-03-23,4.1016,4.1046,4.0872,4.0932,57708
2059-03-24,4.098,4.0986,4.077,4.0836,42606
2059-03-25,4.089,4.0944,4.08,4.0836,62748
2059-03-26,4.0824,4.0824,4.068,4.0722,22062
2059-03-27,4.0782,4.08,4.0758,4.0794,8712
2059-03-28,4.1016,4.1178,4.0998,4.1136,74760
2059-03-29,4.104,4.104,4.086,4.0884,42444
2059-03-30,4.0848,4.0962,4.0782,4.0836,36666
2059-03-31,4.0794,4.0896,4.071,4.0836,26058
2059-04-01,4.0806,4.0938,4.077,4.0866,18642
2059-04-02,4.083,4.0974,4.0824,4.0866,21360
2059-04-03,4.0974,4.104,4.0926,4.0926,27720
2059-04-04,4.0998,4.1022,4.086,4.0938,28422
2059-04-05,4.0866,4.089,4.0806,4.0854,24264
2059-04-06,4.0974,4.0992,4.0818,4.0932,51774
2059-04-07,4.0956,4.113,4.095,4.1082,65472
2059-04-08,4.1058,4.1076,4.0896,4.0944,53544
2059-04-09,4.0884,4.0902,4.0758,4.077,38856
2059-04-10,4.0866,4.0884,4.077,4.077,27210
2059-04-11,4.077,4.086,4.0728,4.0824,29430
2059-04-12,4.0764,4.0872,4.065,4.0704,63300
2059-04-13,4.0626,4.0674,4.0584,4.0644,36228
2059-04-14,4.059,4.0698,4.0578,4.059,27750
2059-04-15,4.0578,4.0644,4.0572,4.0608,21342
2059-04-16,4.0548,4.056,4.038,4.0392,69384
2059-04-17,4.0386,4.041,4.029,4.0326,39528
2059-04-18,4.0362,4.0386,4.026,4.0338,26424
2059-04-19,4.0392,4.041,4.0338,4.0344,13272
2059-04-20,4.0266,4.035,4.0218,4.026,34932
2059-04-21,4.014,4.0224,4.0098,4.0206,28002
2059-04-22,4.0176,4.0176,4.005,4.0062,40986
2059-04-23,4.005,4.008,3.9882,3.9912,39684
2059-04-24,3.9936,3.999,3.99,3.9972,30030
2059-04-25,4.0074,4.0092,3.987,3.9876,41826
2059-04-26,3.9864,3.9918,3.9762,3.984,37470
2059-04-27,3.9906,3.9912,3.9684,3.9714,41916
2059-04-28,3.9642,3.9702,3.96,3.9612,42660
2059-04-29,3.9672,3.9732,3.9558,3.9618,38352
2059-04-30,3.9678,3.9702,3.954,3.9564,33588
2059-05-01,3.9492,3.9504,3.924,3.9276,60846
2059-05-02,3.9258,3.975,3.9078,3.9534,115284
2059-05-03,3.9516,3.966,3.9366,3.9582,38058
2059-05-04,3.9438,3.9516,3.9426,3.9444,31002
2059-05-05,3.966,3.9714,3.9558,3.9564,37272
2059-05-06,3.9606,3.9678,3.9492,3.9516,37260
2059-05-07,3.9576,3.9618,3.9516,3.957,28200
2059-05-08,3.9456,3.9462,3.9312,3.933,46938
2059-05-09,3.9288,3.933,3.9222,3.9264,27912
2059-05-10,3.9216,3.9234,3.9108,3.915,29316
2059-05-11,3.9372,3.939,3.9192,3.9198,38958
2059-05-12,3.918,3.9192,3.8898,3.894,61986
2059-05-13,3.8964,3.897,3.8706,3.8784,43146
2059-05-14,3.8778,3.8802,3.867,3.8712,38454
2059-05-15,3.8568,3.858,3.8214,3.8286,60750
2059-05-16,3.8076,3.855,3.783,3.795,134664
2059-05-17,3.81,3.8556,3.798,3.8526,63414
2059-05-18,3.8424,3.855,3.8082,3.8166,56280
2059-05-19,3.9078,3.93,3.846,3.873,95340
2059-05-20,3.8664,3.906,3.8616,3.891,62022
2059-05-21,3.906,3.9192,3.8922,3.9024,55866
2059-05-22,3.9132,3.939,3.9102,3.936,91812
2059-05-23,3.9378,3.9468,3.9246,3.9468,97998
2059-05-24,3.9354,3.954,3.9318,3.9414,68826
2059-05-25,3.966,3.9774,3.9516,3.9576,63582
2059-05-26,3.9618,3.969,3.9594,3.9672,59376
2059-05-27,3.9534,3.984,3.9516,3.9756,14586
2059-05-28,3.9864,3.9888,3.981,3.9846,3714
2059-05-29,3.984,3.993,3.9762,3.9804,34584
2059-05-30,3.9552,3.9588,3.918,3.9222,67980
2059-05-31,3.9024,3.9348,3.9024,3.9312,45408
2059-06-01,3.9138,3.9324,3.9132,3.9234,28476
2059-06-02,3.9186,3.9702,3.915,3.9546,47718
2059-06-03,3.9744,3.981,3.9588,3.9648,38430
2059-06-04,3.9804,3.9834,3.9636,3.9648,22014
2059-06-05,3.9708,3.978,3.9642,3.9726,22200
2059-06-06,3.9864,4.0002,3.9762,3.9918,71562
2059-06-07,3.9348,3.9396,3.915,3.9228,64986
2059-06-08,3.9204,3.9252,3.867,3.8778,81270
2059-06-09,3.8676,3.8892,3.8586,3.8856,41400
2059-06-10,3.8808,3.8808,3.8406,3.8454,42750
2059-06-11,3.864,3.8796,3.8604,3.873,35028
2059-06-12,3.942,3.963,3.9138,3.936,84642
2059-06-13,3.936,3.939,3.873,3.8808,59772
2059-06-14,3.8712,3.891,3.864,3.879,5724
2059-06-15,3.8724,3.885,3.8688,3.876,14730
2059-06-16,3.8682,3.897,3.8658,3.8952,25044
2059-06-17,3.8814,3.8898,3.8682,3.8856,45864
2059-06-18,3.8868,3.9,3.873,3.885,44388
2059-06-19,3.8844,3.888,3.8682,3.8844,22284
2059-06-20,3.8742,3.9066,3.8742,3.8964,41028
2059-06-21,3.8946,3.897,3.8508,3.8808,69612
2059-06-22,3.8754,3.8898,3.8724,3.8838,22182
2059-06-23,3.882,3.8922,3.8802,3.8832,13248
2059-06-24,3.8784,3.8952,3.8772,3.8928,19800
2059-06-25,3.8976,3.8988,3.8868,3.8904,22206
2059-06-26,3.8856,3.9024,3.8796,3.8988,30318
2059-06-27,3.8934,3.8958,3.8658,3.873,60120
2059-06-28,3.8724,3.897,3.8718,3.8874,46092
2059-06-29,3.8892,3.9234,3.8796,3.9144,45972
2059-06-30,3.9408,3.942,3.9276,3.9384,50586
2059-07-01,3.951,3.9564,3.933,3.9516,57978
2059-07-02,3.9516,3.9552,3.9336,3.9414,38298
2059-07-03,3.9426,3.9438,3.9114,3.9144,45096
2059-07-04,3.915,3.9198,3.903,3.9084,31224
2059-07-05,3.9048,3.906,3.876,3.8826,42606
2059-07-06,3.8832,3.8898,3.876,3.8814,19926
2059-07-07,3.8682,3.8808,3.8658,3.8808,31182
2059-07-08,3.8826,3.8826,3.861,3.8712,41430
2059-07-09,3.8712,3.8838,3.852,3.876,46506
2059-07-10,3.8592,3.882,3.8586,3.8754,24810
2059-07-11,3.8802,3.882,3.8556,3.8646,28524
2059-07-12,3.8646,3.8796,3.8646,3.8742,30006
2059-07-13,3.8826,3.8892,3.8754,3.8784,18408
2059-07-14,3.8772,3.8802,3.8706,3.8724,15762
2059-07-15,3.8664,3.8778,3.8652,3.8706,29838
2059-07-16,3.8706,3.9006,3.8682,3.8946,47586
2059-07-17,3.9066,3.9462,3.9066,3.9126,88560
2059-07-18,3.9372,3.939,3.909,3.9192,49464
2059-07-19,3.9036,3.9156,3.8982,3.9138,27954
2059-07-20,3.9048,3.915,3.9006,3.9042,27216
2059-07-21,3.9192,3.933,3.9042,3.9084,64614
2059-07-22,3.915,3.915,3.8988,3.9012,73182
2059-07-23,3.897,3.8982,3.8802,3.885,47664
2059-07-24,3.8832,3.8916,3.882,3.8904,15372
2059-07-25,3.903,3.9066,3.888,3.9,59166
2059-07-26,3.8916,3.897,3.8838,3.8922,26136
2059-07-27,3.8982,3.903,3.888,3.891,48198
2059-07-28,3.8916,3.894,3.8904,3.8922,8658
2059-07-29,3.8982,3.9084,3.8946,3.9042,34332
2059-07-30,3.906,3.9072,3.8862,3.891,52296
2059-07-31,3.8964,3.9006,3.885,3.8868,35958
2059-08-01,3.8742,3.8742,3.861,3.8658,36648
2059-08-02,3.87,3.8742,3.8628,3.8682,15600
2059-08-03,3.87,3.8766,3.8664,3.87,10920
2059-08-04,3.87,3.8754,3.8652,3.8694,8604
2059-08-05,3.8784,3.8802,3.8652,3.8694,34128
2059-08-06,3.8718,3.879,3.8676,3.876,17358
2059-08-07,3.8748,3.927,3.8742,3.912,99756
2059-08-08,3.9282,3.942,3.9276,3.9306,74616
2059-08-09,3.939,3.9648,3.9342,3.9618,102066
2059-08-10,3.9804,3.996,3.9648,3.9732,104340
2059-08-11,3.9714,3.9852,3.9636,3.9672,50646
2059-08-12,3.9642,3.978,3.957,3.9678,30978
2059-08-13,3.978,3.9876,3.9762,3.9846,31620
2059-08-14,3.9732,3.984,3.9612,3.9648,49122
2059-08-15,3.8838,3.948,3.8838,3.9474,107988
2059-08-16,3.9498,3.9498,3.9096,3.9108,81474
2059-08-17,3.9222,3.9348,3.918,3.9264,28314
2059-08-18,3.9252,3.9342,3.9126,3.9204,21432
2059-08-19,3.9354,3.945,3.9288,3.9426,23448
2059-08-20,3.9612,3.9702,3.9426,3.9504,42030
2059-08-21,3.9606,3.963,3.9432,3.9504,19278
2059-08-22,3.945,3.966,3.9444,3.9534,23136
2059-08-23,3.9462,3.9516,3.9402,3.9474,22128
2059-08-24,3.9456,3.9492,3.9426,3.9462,17514
2059-08-25,3.9426,3.9582,3.9264,3.951,68238
2059-08-26,3.9564,3.9828,3.9552,3.972,65346
2059-08-27,3.9756,3.9828,3.9696,3.9762,51000
2059-08-28,3.9846,3.9924,3.9576,3.9612,56484
2059-08-29,3.9666,3.9738,3.9606,3.9654,24702
2059-08-30,3.9864,4.026,3.9852,4.0188,157416
2059-08-31,4.0392,4.044,4.023,4.0284,95016
2059-09-01,4.0356,4.0392,4.0188,4.0242,23352
2059-09-02,4.014,4.023,4.008,4.011,22290
2059-09-03,4.014,4.0302,4.0128,4.029,31626
2059-09-04,4.0308,4.035,4.017,4.0176,22560
2059-09-05,4.0296,4.0314,4.0158,4.0188,37878
2059-09-06,3.9912,4.0176,3.9912,4.0128,45732
2059-09-07,4.0008,4.0128,3.9984,4.0116,28170
2059-09-08,4.0218,4.0392,4.0176,4.0344,51186
2059-09-09,4.0332,4.0368,4.02,4.0308,40080
2059-09-10,4.0332,4.0344,4.0032,4.0104,60072
2059-09-11,4.0056,4.017,4.0008,4.0098,30978
2059-09-12,3.9942,4.0164,3.9888,4.0068,65598
2059-09-13,3.999,4.002,3.9618,3.9744,84540
2059-09-14,3.9642,3.9834,3.9642,3.9726,38880
2059-09-15,3.978,3.981,3.9336,3.9414,91368
2059-09-16,3.9354,3.951,3.9354,3.9462,39756
2059-09-17,3.9312,3.9414,3.924,3.93,44160
2059-09-18,3.924,3.939,3.918,3.9348,75168
2059-09-19,3.942,3.9606,3.9378,3.9474,112848
2059-09-20,3.9594,3.9654,3.9528,3.9594,69642
2059-09-21,3.96,3.9636,3.9498,3.9528,55878
2059-09-22,3.957,3.9576,3.9342,3.9408,18030
2059-09-23,3.9396,3.9516,3.9348,3.936,22566
2059-09-24,3.9318,3.948,3.927,3.9378,46248
2059-09-25,3.9276,3.9372,3.9222,3.9318,13602
2059-09-26,3.9276,3.9282,3.9234,3.927,3600
2059-09-27,3.942,3.9492,3.939,3.9438,35544
2059-09-28,3.9498,3.957,3.9462,3.9534,53304
2059-09-29,3.9558,3.9612,3.9522,3.9582,27702
2059-09-30,3.9846,3.9864,3.9762,3.981,58518
2059-10-01,3.9828,3.9954,3.978,3.9798,55218
2059-10-02,3.9666,3.9798,3.9642,3.9798,22422
2059-10-03,3.9834,3.984,3.957,3.9624,68592
2059-10-04,3.9636,3.9702,3.9618,3.9636,27930
2059-10-05,3.9624,3.9702,3.9594,3.9696,17004
2059-10-06,3.9702,3.9834,3.9612,3.9774,53550
2059-10-07,3.9894,4.011,3.9852,4.0056,73242
2059-10-08,4.0074,4.0128,3.9918,3.9948,29784
2059-10-09,3.9924,4.0014,3.9876,3.9942,31728
2059-10-10,3.9924,4.0068,3.9894,4.0032,31434
2059-10-11,4.0074,4.0098,4.0008,4.0014,28776
2059-10-12,3.9936,4.0074,3.9906,4.0014,51378
2059-10-13,4.005,4.023,4.005,4.0194,92226
2059-10-14,4.0266,4.0374,4.0224,4.0278,60738
2059-10-15,4.023,4.029,4.017,4.0188,29640
2059-10-16,4.0158,4.0362,4.0152,4.0332,49260
2059-10-17,4.0362,4.0614,4.032,4.0584,126930
2059-10-18,4.0506,4.059,4.035,4.041,53388
2059-10-19,4.0386,4.041,4.0254,4.0272,34566
2059-10-20,4.0272,4.0386,4.0224,4.035,49518
2059-10-21,4.041,4.056,4.035,4.0512,73704
2059-10-22,4.0584,4.0704,4.0548,4.0668,42972
2059-10-23,4.0578,4.0692,4.0482,4.0668,57222
2059-10-24,4.0518,4.062,4.0458,4.0572,38430
2059-10-25,4.0686,4.0704,4.0572,4.0626,31224
2059-10-26,4.0836,4.098,4.0818,4.0926,69378
2059-10-27,4.0992,4.128,4.095,4.1148,83010
2059-10-28,4.1202,4.1502,4.1154,4.1448,51264
2059-10-29,4.1382,4.1484,4.1232,4.1304,60708
2059-10-30,4.1226,4.1412,4.1196,4.1364,38328
2059-10-31,4.143,4.1472,4.119,4.1268,45396
2059-11-01,4.1148,4.122,4.1058,4.1202,39072
2059-11-02,4.1136,4.1184,4.1058,4.113,17670
2059-11-03,4.1274,4.137,4.122,4.1298,34068
2059-11-04,4.1244,4.1292,4.1052,4.1118,44556
2059-11-05,4.1016,4.1214,4.101,4.1142,44898
2059-11-06,4.1184,4.1202,4.0956,4.1004,62184
2059-11-07,4.0908,4.1172,4.0908,4.1136,43968
2059-11-08,4.1142,4.1184,4.0986,4.0998,23304
2059-11-09,4.0926,4.098,4.0902,4.0932,40110
2059-11-10,4.1064,4.1154,4.1046,4.1082,34200
2059-11-11,4.104,4.1292,4.1028,4.1256,43368
2059-11-12,4.1178,4.1256,4.0932,4.0944,68400
2059-11-13,4.089,4.0932,4.068,4.0752,66612
2059-11-14,4.083,4.0842,4.0602,4.0662,55710
2059-11-15,4.0644,4.0794,4.0632,4.071,39756
2059-11-16,4.0626,4.0644,4.0362,4.0446,81900
2059-11-17,4.0404,4.0608,4.0398,4.0548,95760
2059-11-18,4.0596,4.0692,4.053,4.0656,62982
2059-11-19,4.0632,4.086,4.0608,4.0818,103710
2059-11-20,4.0848,4.092,4.0716,4.0854,74742
2059-11-21,4.089,4.0914,4.0758,4.0776,95718
2059-11-22,4.0722,4.0782,4.0674,4.0728,53268
2059-11-23,4.0824,4.1118,4.0824,4.1016,54564
2059-11-24,4.1148,4.119,4.1028,4.1052,9852
2059-11-25,4.11,4.1148,4.101,4.1082,14394
2059-11-26,4.1004,4.113,4.0962,4.1106,2340
2059-11-27,4.1034,4.1214,4.1034,4.1154,37356
2059-11-28,4.1274,4.128,4.0962,4.1022,54180
2059-11-29,4.101,4.1076,4.0926,4.1016,43404
2059-11-30,4.1064,4.1076,4.0752,4.0824,52536
2059-12-01,4.0824,4.0896,4.0788,4.0824,21372
2059-12-02,4.0884,4.089,4.068,4.0806,45972
2059-12-03,4.0878,4.0914,4.0782,4.08,27030
2059-12-04,4.0884,4.1088,4.086,4.0998,71436
2059-12-05,4.0932,4.0932,4.0854,4.0896,31962
2059-12-06,4.0806,4.0824,4.0602,4.0638,70014
2059-12-07,4.0632,4.104,4.05,4.0986,116238
2059-12-08,4.0974,4.1028,4.0758,4.0812,71400
2059-12-09,4.0818,4.1088,4.074,4.1052,43866
2059-12-10,4.0956,4.1016,4.0824,4.0836,36618
2059-12-11,4.083,4.089,4.08,4.0872,23244
2059-12-12,4.077,4.0914,4.0752,4.0794,46164
2059-12-13,4.0836,4.0854,4.0746,4.0758,19308
2059-12-14,4.0632,4.0638,4.0512,4.0608,97164
2059-12-15,4.0488,4.0602,4.044,4.0512,58776
2059-12-16,4.0446,4.0602,4.0446,4.0554,36432
2059-12-17,4.0524,4.0614,4.0488,4.0512,26814
2059-12-18,4.0482,4.0524,4.0452,4.0482,17328
2059-12-19,4.0272,4.0356,4.0152,4.0302,101580
2059-12-20,4.0284,4.0314,4.023,4.0266,44358
2059-12-21,3.981,3.9942,3.978,3.9822,35592
2059-12-22,3.963,3.981,3.9558,3.9774,99678
2059-12-23,3.975,3.9756,3.96,3.9666,106638
2059-12-24,3.9684,3.99,3.9624,3.984,49020
2059-12-25,3.9798,3.9912,3.9654,3.9864,39564
2059-12-26,3.9864,4.0068,3.9798,3.99,86160
2059-12-27,3.9768,3.9954,3.9672,3.9888,52038
2059-12-28,4.0068,4.023,4.0038,4.0206,56088
2059-12-29,4.0104,4.0344,4.008,4.029,105648
2059-12-30,4.0242,4.032,4.0104,4.0116,40128
2059-12-31,4.002,4.0086,3.9876,3.9918,54138
2060-01-01,4.002,4.0104,3.99,3.9942,42228
2060-01-02,3.9954,4.0068,3.9942,4.0044,13878
2060-01-03,4.0194,4.0398,4.014,4.0374,62328
2060-01-04,4.038,4.0518,4.0344,4.0392,60582
2060-01-05,4.0482,4.068,4.0476,4.0674,90720
2060-01-06,4.0584,4.0608,4.0446,4.0452,40992
2060-01-07,4.0548,4.0674,4.0536,4.059,33708
2060-01-08,4.0476,4.0548,4.038,4.0476,24498
2060-01-09,4.0338,4.0452,4.0158,4.0194,55608
2060-01-10,4.0104,4.0194,4.0062,4.0122,25200
2060-01-11,4.0086,4.0188,4.0026,4.0044,25296
2060-01-12,4.0086,4.0338,4.0026,4.0146,43602
2060-01-13,4.0176,4.0212,4.0062,4.0086,31380
2060-01-14,3.9972,4.002,3.9888,3.9984,50826
2060-01-15,4.0164,4.032,4.0128,4.0308,41700
2060-01-16,4.0344,4.0368,4.0164,4.0194,34980
2060-01-17,4.0284,4.038,4.0068,4.0182,46692
2060-01-18,4.0176,4.0434,4.0164,4.0296,55218
2060-01-19,4.0296,4.0296,4.0086,4.0122,58728
2060-01-20,4.0074,4.0374,4.0074,4.0242,100560
2060-01-21,4.032,4.0344,4.0146,4.023,99792
2060-01-22,4.0272,4.0374,4.0236,4.0314,44610
2060-01-23,4.041,4.0596,4.041,4.0584,52374
2060-01-24,4.0542,4.077,4.053,4.0662,54408
2060-01-25,4.071,4.092,4.068,4.083,15900
2060-01-26,4.0788,4.08,4.068,4.0704,3150
2060-01-27,4.0686,4.089,4.0686,4.0734,38802
2060-01-28,4.0674,4.077,4.0632,4.071,18882
2060-01-29,4.0884,4.0938,4.0752,4.0854,76812
2060-01-30,4.071,4.0782,4.0578,4.0668,37254
2060-01-31,4.0848,4.0884,4.0722,4.0848,30558
2060-02-01,4.0776,4.0854,4.0668,4.077,35856
2060-02-02,4.0908,4.0944,4.083,4.0866,25182
2060-02-03,4.1076,4.116,4.1028,4.113,92694
2060-02-04,4.1094,4.1112,4.1004,4.1022,49062
2060-02-05,4.0932,4.0986,4.083,4.095,64782
2060-02-06,4.107,4.11,4.062,4.068,76380
2060-02-07,4.0758,4.092,4.0728,4.0884,37920
2060-02-08,4.0962,4.0998,4.08,4.0806,30396
2060-02-09,4.0938,4.0944,4.0794,4.086,32964
2060-02-10,4.089,4.0938,4.074,4.0758,2748
2060-02-11,4.074,4.0758,4.0674,4.0746,43476
2060-02-12,4.068,4.071,4.0452,4.0536,83274
2060-02-13,4.0542,4.0596,4.0506,4.0548,45018
2060-02-14,4.0542,4.0548,4.029,4.0356,65688
2060-02-15,4.0314,4.0314,4.0122,4.0158,122922
2060-02-16,4.0218,4.0344,4.0194,4.0272,48894
2060-02-17,4.0368,4.0428,4.029,4.038,48510
2060-02-18,4.035,4.0548,4.0332,4.0536,43818
2060-02-19,4.059,4.0734,4.0578,4.0668,42162
2060-02-20,4.0602,4.0818,4.059,4.0806,39708
2060-02-21,4.0854,4.0914,4.071,4.0728,45330
2060-02-22,4.0782,4.089,4.077,4.0794,26736
2060-02-23,4.0812,4.0872,4.071,4.0746,27576
2060-02-24,4.0716,4.086,4.0632,4.0824,48138
2060-02-25,4.0872,4.098,4.086,4.0902,75678
2060-02-26,4.0962,4.098,4.0836,4.0896,35724
2060-02-27,4.0896,4.0932,4.0854,4.0914,27510
2060-02-28,4.0968,4.1142,4.0962,4.1058,107418
2060-02-29,4.1184,4.1268,4.0842,4.0938,133500
2060-03-01,4.0938,4.0968,4.08,4.0842,45534
2060-03-02,4.0848,4.0908,4.065,4.0728,39708
2060-03-03,4.0836,4.0866,4.0764,4.0854,21852
2060-03-04,4.1028,4.1118,4.101,4.1028,25416
2060-03-05,4.1028,4.1058,4.095,4.1004,20532
2060-03-06,4.0968,4.1034,4.0842,4.101,40254
2060-03-07,4.098,4.1034,4.0788,4.0848,40878
2060-03-08,4.0932,4.1046,4.0848,4.0968,38898
2060-03-09,4.101,4.1124,4.098,4.107,35754
2060-03-10,4.107,4.1094,4.1028,4.107,15192
2060-03-11,4.0974,4.1016,4.0908,4.0938,30042
2060-03-12,4.0908,4.0944,4.0818,4.0842,44406
2060-03-13,4.0806,4.083,4.065,4.0692,65082
2060-03-14,4.0758,4.083,4.065,4.0734,41184
2060-03-15,4.0716,4.0752,4.0674,4.071,19734
2060-03-16,4.0548,4.0602,4.05,4.053,145104
2060-03-17,4.0572,4.0632,4.0518,4.056,62004
2060-03-18,4.053,4.0788,4.0464,4.0716,91146
2060-03-19,4.0716,4.074,4.0656,4.0674,50880
2060-03-20,4.0602,4.0644,4.0548,4.0584,25530
2060-03-21,4.0608,4.0728,4.056,4.0686,35220
2060-03-22,4.0644,4.0644,4.053,4.0614,42366
2060-03-23,4.0596,4.062,4.05,4.0572,13074
2060-03-24,4.0512,4.056,4.0476,4.0488,10476
2060-03-25,4.0542,4.062,4.05,4.0566,38718
2060-03-26,4.0572,4.077,4.0566,4.074,63228
2060-03-27,4.0734,4.0752,4.0662,4.0686,26196
2060-03-28,4.0614,4.074,4.0608,4.0728,32748
2060-03-29,4.0722,4.0788,4.068,4.071,36744
2060-03-30,4.0734,4.095,4.0728,4.0938,100608
2060-03-31,4.1058,4.1232,4.1016,4.1226,83904
2060-04-01,4.1376,4.1544,4.1334,4.1532,108996
2060-04-02,4.1454,4.1526,4.1358,4.137,43332
2060-04-03,4.1352,4.1442,4.1304,4.1364,30114
2060-04-04,4.164,4.1712,4.152,4.1586,56022
2060-04-05,4.1508,4.1562,4.1346,4.1394,72300
2060-04-06,4.1388,4.1502,4.1316,4.1496,46098
2060-04-07,4.1346,4.1358,4.116,4.1184,78522
2060-04-08,4.119,4.1286,4.11,4.1274,59454
2060-04-09,4.1298,4.1352,4.125,4.1298,29622
2060-04-10,4.1226,4.1298,4.1214,4.1274,23286
2060-04-11,4.125,4.14,4.1238,4.134,44820
2060-04-12,4.14,4.1484,4.14,4.1442,28254
2060-04-13,4.1478,4.158,4.137,4.1394,53214
2060-04-14,4.1454,4.1514,4.1376,4.1418,19068
2060-04-15,4.1424,4.143,4.1322,4.1364,39834
2060-04-16,4.1472,4.1628,4.1448,4.1526,72834
2060-04-17,4.149,4.1796,4.149,4.1754,78558
2060-04-18,4.1688,4.173,4.1628,4.164,52602
2060-04-19,4.1646,4.182,4.1598,4.1802,57642
2060-04-20,4.176,4.1826,4.1652,4.1772,56964
2060-04-21,4.1778,4.1952,4.1778,4.1928,42708
2060-04-22,4.17,4.173,4.137,4.1586,102390
2060-04-23,4.146,4.1502,4.1352,4.1484,50148
2060-04-24,4.1316,4.1562,4.1298,4.1508,58500
2060-04-25,4.14,4.1772,4.1328,4.1754,47106
2060-04-26,4.1664,4.1844,4.161,4.1694,45540
2060-04-27,4.1634,4.1718,4.1478,4.1658,30246
2060-04-28,4.1748,4.1778,4.1484,4.1508,45954
2060-04-29,4.1418,4.155,4.1418,4.1484,35976
2060-04-30,4.161,4.1664,4.1544,4.158,29640
2060-05-01,4.1376,4.1508,4.134,4.1466,37776
2060-05-02,4.1496,4.152,4.1316,4.1382,45102
2060-05-03,4.14,4.1418,4.1184,4.1196,68658
2060-05-04,4.119,4.1238,4.113,4.1214,62664
2060-05-05,4.1196,4.1424,4.1154,4.128,62376
2060-05-06,4.1304,4.137,4.128,4.1346,18450
2060-05-07,4.1424,4.1472,4.1352,4.1406,18120
2060-05-08,4.116,4.1172,4.0998,4.1016,115698
